CollectionName;Labels
Public Administration;"Government, Policy, Service, Regulation, Administration, Management, Citizen, Sector, Bureaucracy, Law, Governance, Accountability, Leadership, Transparency, Democracy, Reform, Efficiency, Innovation, Finance, Civic, Public, Publicity, Legislature, Official, Employee, Civil, Authority, Legislation, Regulation, Compliance, Oversight, Audit, Evaluation, Performance, Strategy, Organization, Development, Budget, Expenditure, Procurement, Contracting, Regulation, Compliance, Ethics, Integrity, Professionalism, Measurement, Productivity, Effectiveness, Excellence, Benchmarking, Improvement, Capacity, Training, Workforce, Recruitment, Retention, Morale, Culture, Values, Ethics, Integrity, Decision, Problem solving, Collaboration, Partnership, Stakeholder, Negotiation, Conflict resolution, Crisis management, Risk management, Contingency planning, Emergency response, Disaster recovery, Resilience, Sustainability, Adaptability, Change management, Transformation, Modernization, Digitalization, E-government, Technology, Data, Analytics, Artificial intelligence, Automation, Robotics, Internet of things, Smart cities, Digital economy, Open data, Open government, Open innovation, Open collaboration, Open participation, Open communication, Open consultation, Open decision making, Open leadership, Open governance, Open management, Open policy, Open administration, Open service delivery, Open transformation, Open strategy, Open organization, Open development, Open reform, Open evaluation, Open assessment, Open benchmarking, Open improvement, Open enhancement, Open capacity building, Open training, Open workforce, Open human resources, Open employment, Open career, Open recruitment, Open retention, Open motivation, Open morale, Open culture, Open values, Open ethics, Open integrity, Open professionalism, Open performance measurement, Open performance indicators, Open productivity, Open efficiency, Open effectiveness, Open quality, Open excellence, Open innovation, Open best practices, Open lessons learned, Open knowledge management, Open information management, Open decision making, Open problem solving, Open collaboration, Open partnership, Open stakeholder engagement, Open communication, Open consultation, Open participation, Open representation, Open negotiation, Open conflict resolution, Open crisis management, Open risk management, Open contingency planning, Open emergency response, Open disaster recovery, Open resilience, Open sustainability, Open resilience, Open adaptability, Open change management, Open transformation, Open reform, Open modernization, Open digitalization, Open e-government, Open online services, Open IT, Open technology, Open data, Open analytics, Open big data, Open artificial intelligence, Open machine learning, Open automation, Open robotics, Open internet of things, Open smart cities, Open digital economy
"
Healthcare;Hospital, Patient, Doctor, Nurse, Medicine, Treatment, Diagnosis, Provider, Insurance, Wellness, Emergency, Surgery, Clinic, Physician, Medical, Health, Appointment, Prescription, Specialist, Therapy, Vaccination, Rehabilitation, Mental, Chronic, Disease, Care, Pharmacy, Ambulance, Paramedic, Room, Intensive, Radiology, Laboratory, Examination, Test, Operation, Recovery, Pediatrics, Obstetrics, Gynecology, Orthopedics, Cardiology, Neurology, Oncology, Dermatology, Psychiatry, Geriatrics, Internal, Family, General, Allergy, Asthma, Diabetes, Cancer, HIV, AIDS, Alzheimer, Parkinson, Stroke, Heart, Attack, Respiratory, Digestive, Endocrine, Musculoskeletal, Immune, Reproductive, Urinary, Nervous, Skin, Blood, Brain, Spinal, Cord, Lung, Liver, Kidney, Pancreas, Thyroid, Intestine, Stomach, Gallbladder, Bladder, Ovary, Testis, Bone, Muscle, Joint, Nerve, Artery, Vein, Capillary, Cell, Tissue, Organ, System, Body, Mind, Spirit, Promotion, Prevention, Education, Lifestyle, Diet, Exercise, Nutrition, Sleep, Hygiene, Stress, Anxiety, Depression, Addiction, Substance, Abuse, Alcoholism, Smoking, Obesity, Eating, Disorders, Physical, Occupational, Speech, Assisted, Living, Home, Hospice, Palliative, Long-term, Nursing, Rehabilitation, Center, Facility, Network, Delivery, Access, Equity, Quality, Safety, Efficiency, Effectiveness, Innovation, Technology, Informatics, Management, Leadership, Governance, Policy, Regulation, Compliance, Accreditation, Financing, Reimbursement, Payment, Billing, Coding, Auditing, Consulting, Research, Workforce, Professional, Worker, Team, Collaboration, Partnership, Integration, Coordination, Communication, Engagement, Participation, Advocacy, Activism, Empowerment
Manufacturing;Automation, Robotics, Artificial Intelligence, IoT, Internet, Smart, Factory, Manufacturing, Production, Industry, Technology, Digitalization, Innovation, Efficiency, Optimization, Supply Chain, Logistics, Maintenance, Quality, Control, Management, System, Process, Equipment, Machine, Tool, Component, Assembly, Fabrication, Robotics, Automation, 3D Printing, Additive Manufacturing, CNC, Machining, Prototyping, Simulation, Virtual Reality, Augmented Reality, Data, Analytics, Big Data, Cloud Computing, Cybersecurity, Connectivity, Interoperability, Standardization, Sustainability, Green Manufacturing, Renewable Energy, Waste Reduction, Lean Manufacturing, Six Sigma, Continuous Improvement, Agile Manufacturing, Flexible Manufacturing, Mass Customization, Product Lifecycle Management, Smart Sensors, Predictive Maintenance, Remote Monitoring, Autonomous Vehicles, Drones, Augmented Operator, Collaborative Robots, Human-Machine Interaction, Digital Twin, Blockchain, Supply Chain Management, Inventory Management, Procurement, Distribution, Warehousing, Transportation, Fleet Management, Last Mile Delivery, Reverse Logistics, RFID, Barcode, GPS, Route Optimization, Fleet Tracking, Warehouse Automation, Material Handling, Packaging, Inventory Control, Order Fulfillment, Cross-Docking, Dock Scheduling, Just-in-Time, Kanban, Lean Logistics, Value Stream Mapping
Logistics;"Logistics, Supply Chain, Transportation, Warehouse, Distribution, Inventory, Freight, Cargo, Shipping, Delivery, Carrier, Trucking, Rail, Air, Maritime, Port, Terminal, Container, Intermodal, Third-party, 3PL, Fourth-party, 4PL, Freight Forwarder, Broker, Customs, Import, Export, Cross-border, International, Domestic, Transshipment, Last Mile, First Mile, Route, Network, Hub, Spoke, Fulfillment, Order, Demand, Forecasting, Procurement, Vendor, Supplier, Purchasing, Sourcing, Inventory, Stock, Storage, Material Handling, Packaging, Pallet, RFID, Barcode, GPS, Tracking, Traceability, Visibility, Compliance, Regulation, Safety, Security, Risk, Insurance, Contingency, Resilience, Sustainability, Green, Carbon Footprint, Emissions, Environmental, Renewable, Energy, Technology, Automation, Robotics, Artificial Intelligence, Machine Learning, IoT, Internet of Things, Big Data, Analytics, Optimization, Efficiency, Cost, Time, Service Level, Lead Time, Cycle Time, Performance, Quality, Customer Satisfaction, Collaboration, Partnership, Integration, Collaboration, Partnership, Interoperability, Standardization
"
Education;Education, School, Teacher, Student, Classroom, Curriculum, Learning, Teaching, Instruction, Assessment, Examination, Test, Grade, Homework, Assignment, Project, Lesson, Lecture, Seminar, Workshop, Tutorial, Study, Research, Library, Resource, Material, Textbook, Digital, Online, E-learning, Blended Learning, Distance Learning, Remote Learning, Virtual Learning, MOOC, Massive Open Online Course, LMS, Learning Management System, CMS, Content Management System, Platform, Technology, Tool, App, Software, Hardware, Device, Internet, Connectivity, Access, Equity, Inclusion, Diversity, Equality, Special Needs, Disability, Gifted, Talented, Individualized, Personalized, Adaptive, Flexible, Creative, Critical Thinking, Problem Solving, Collaboration, Communication, Teamwork, Leadership, Innovation, Entrepreneurship, STEM, Science, Technology, Engineering, Mathematics, Arts, Humanities, Social Sciences, Languages, Literacy, Numeracy, Digital Literacy, Media Literacy, Financial Literacy, Health Literacy, Civic Literacy, Global Citizenship, Cultural Awareness, Environmental Awareness, Sustainability, Climate Change, Conservation, Ethics, Values, Morality, Integrity, Respect, Responsibility, Resilience, Well-being, Mental Health, Emotional Intelligence, Social Emotional Learning, Character Education, Citizenship Education, Lifelong Learning, Continuing Education, Adult Education, Vocational Education, Professional Development, Training, Skill, Competency, Credential, Certification, Accreditation, Recognition, Assessment, Evaluation, Standard, Benchmark, Quality Assurance, Regulation, Policy, Governance, Administration, Leadership, Management, Organization, Funding, Financing, Investment, Budget, Grant, Sponsorship, Donation, Philanthropy, Partnership, Collaboration, Stakeholder, Parent, Community, Society
Public Administration;Access, account, accountability, acquisition, advocate, agenda, allocation, amendment, appeal, applicant, application, approval, audit, authorization, award, benefit, budget, capacity, certificate, citizen, collaboration, communication, community, compliance, consultation, contract, cooperation, cost, criterion, data, decision, delivery, demand, development, dissemination, document, education, eligibility, employee, enforcement, engagement, environment, equipment, evaluation, evidence, expenditure, facility, feedback, finance, fiscal, funding, goal, governance, grant, guideline, health, human resources, implementation, inclusion, information, infrastructure, initiative, innovation, inspection, integrity, interest, investment, legislation, license, maintenance, management, mandate, meeting, monitoring, network, objective, obligation, outreach, participation, partnership, performance, permit, policy, population, priority, procurement, program, project, public, regulation, report, research, resource, responsibility, review, service, standard, strategy, stakeholder, sustainability, target, technology, transparency, training, utilization, valuation, volunteer, welfare
Healthcare;"adverse event, allergy, ambulance, anesthesia, antibiotic, appointment, assessment, blood pressure, biopsy, brace, catheter, chronic, clinic, cognitive, consultation, contagious, cough, diagnosis, dietary, disability, discharge, electrocardiogram, emergency, endocrine, epidemic, epilepsy, examination, fracture, genetic, glucose, healthcare worker, hospice, immunization, infectious, infusion, injection, injury, insulin, intensive care, internal medicine, laboratory, medication, mental health, mobility, MRI, musculoskeletal, nausea, neurology, oncology, orthopedic, outpatient, oxygen, pain, pandemic, pathology, pediatrics, pharmacy, physical therapy, pneumonia, prescription, preventive care, prognosis, public health, pulse, radiation, referral, rehabilitation, respiratory, surgery, symptom, therapeutic, therapy, transfusion, trauma, treatment, ultrasound, urgent care, vaccination, vital signs, ward, X-ray, ambulatory, autoimmune, chronic illness, comorbidity, deductible, delirium, disability aid, empathy, genetic testing, hospice care, hypoglycemia, imaging, immunosuppression, mental health professional, opioid, palliative care, physiotherapy, prognosis, psychosocial, rehabilitation center, specialist, terminal illness, toxicology, triage, wheelchair
"
Manufacturing;assembly, automation, batch, bill of materials, calibration, capacity, casting, certification, chemical, CNC, component, construction, control system, conveyor, defect, delivery, design, development, downtime, environment, equipment, ergonomics, fabrication, facility, finished product, fixture, forecasting, health and safety, inspection, inventory, jig, lean manufacturing, logistics, machine, maintenance, material, measurement, method, mold, monitoring, operation, optimization, order, packaging, pallet, part, performance, planning, precision, press, process, procurement, production, prototype, quality, raw material, research, robotics, safety, schedule, scrap, shift, standard, stock, subcontractor, supply chain, sustainability, test, tolerance, tool, traceability, training, troubleshooting, welding, workshop, additive manufacturing, assembly line, batch size, cleanroom, defect rate, downtime cost, first article inspection, heat treatment, human-machine interface, lean six sigma, material handling, non-destructive testing, overhead cost, preventative maintenance, process control, quality assurance, quality control, reverse engineering, root cause analysis, scrap metal, six sigma, value stream mapping, visual inspection, work order, zero defect
Logistics;address, airfreight, allocation, assembly, carrier, clearance, consolidation, container, contract, cross-docking, customs, delivery, demand, dispatch, distribution, driver, express, freight, fulfillment, handling, import, inventory, label, lane, lead time, logistics provider, manifest, mileage, multimodal, network, ocean freight, optimization, order, packaging, pallet, pick, port, procurement, route, schedule, security, shipment, space, stock, strategy, supplier, sustainability, tariff, technology, terminal, track, trailer, transportation, truck, urgency, warehouse, yard, backhaul, bonded warehouse, cold chain, consolidation center, customs broker, demand planning, expedited shipping, final mile, freight forwarder, in-transit visibility, intermodal, just-in-time, last mile, lean logistics, multimodal transport, order fulfillment, pick-and-pack, reverse logistics, route optimization, supply chain management, third-party logistics (3PL), track and trace, value-added service, vendor managed inventory, VMI, warehouse management system, WMS
Education;academic, achievement, assessment, attendance, behavior, benchmark, curriculum, development, diversity, differentiation, engagement, equity, evaluation, feedback, graduation, inclusion, instruction, integration, literacy, methodology, motivation, outcome, pedagogy, performance, portfolio, practice, progress, resource, retention, rubrics, scaffolding, scholarship, standard, strategy, student, support, technology, textbook, assessment, workshop, accessibility, adaptation, collaborative learning, critical thinking, differentiated instruction, emotional intelligence, flipped classroom, growth mindset, inclusion plan, individualized education program, IEP, kinesthetic learning, learning environment, lifelong learning, metacognition, peer assessment, project-based learning, self-regulation, social-emotional learning, special education, STEM education, summative assessment, teacher-student relationship, technology integration, universal design for learning, UDL, virtual learning
Public Administration;Budget, Tax, Law, Regulation, Services, Policy, Government, Public, Administration, Management, Finance, Planning, Community, Development, Infrastructure, Environment, Education, Health, Safety, Welfare, Social, Housing, Transport, Resources, Economy, Employment, Legislation, Compliance, Audit, Procurement, Contract, Grant, Program, Project, Strategy, Governance, Accountability, Transparency, Performance, Evaluation, Human, Resources, Pension, Benefits, Labor, Relations, Training, Development, Information, Technology, Data, Analysis, Research, Innovation, Citizen, Engagement, Communication, Media, Relations, Crisis, Management, Emergency, Preparedness, Disaster, Recovery, Sustainability, Energy, Conservation, Climate, Change, Land, Use, Zoning, Urban, Design, Historic, Preservation, Cultural, Resources, Parks, Recreation, Tourism, Economic, Development, Business, Licensing, Permitting, Code, Enforcement, Legal, Services, Municipal, Court, Prosecution, Defense, Public, Safety, Police, Fire, Emergency, Medical, Services, Animal, Control, Public, Works, Engineering, Traffic, Water, Wastewater, Solid, Waste, Recycling, Fleet, Facilities, Management, Capital, Improvement, Planning, Construction, Management, Utility, Operations, Maintenance, Customer, Service, Billing, Collection, Financial, Management, Accounting, Budgeting, Treasury, Debt, Management, Revenue, Collection, Risk, Management, Purchasing, Warehousing, Inventory, Control, Real, Estate, Management, Geographic, Information, Systems, Printing, Graphic, Design, Fleet, Management, Facility, Management, Telecommunications, Network, Management, Application, Development, Support, Web, Design, Management, Help, Desk, Support, Records, Management, Election, Administration, City, Clerk, Services, Mayor, Council, Services, Boards, Commissions, Management, Intergovernmental, Relations, Lobbying, Legislative, Analysis, Advocacy, Strategic, Planning, Performance, Measurement, Benchmarking, Process, Improvement, Lean, Six, Sigma, Quality, Management, Employee, Engagement, Organizational, Development, Change, Management, Diversity, Inclusion, Equity, Access, Ethics, Values, Ombudsman, Services, Citizen, Surveys, Community, Outreach, Public, Information, Open, Data, Transparency, Social, Media, Public, Relations, Marketing, Branding, Economic, Development, Business, Attraction, Retention, Expansion, Workforce, Development, Redevelopment, Downtown, Revitalization, Business, Improvement, Districts, Tourism, Promotion, Film, Production, Support, International, Trade, Development, Sister, Cities, Programs, Public, Private, Partnerships, Real, Estate, Development, Land, Banking
Healthcare;patient, doctor, nurse, hospital, health, care, treatment, medicine, medical, disease, diagnosis, therapy, surgery, clinical, prescription, drug, pain, injury, illness, condition, symptom, test, recovery, rehabilitation, infection, emergency, allergy, cancer, diabetes, heart, blood, pressure, stroke, asthma, arthritis, depression, anxiety, vaccine, immunization, nutrition, diet, exercise, fitness, wellness, prevention, checkup, appointment, consultation, examination, scan, xray, mri, ultrasound, lab, report, result, record, insurance, policy, claim, cost, fee, charge, payment, admission, discharge, ward, room, bed, operation, procedure, instrument, equipment, device, implant, transplant, organ, tissue, cell, gene, dna, research, trial, study, data, information, consent, privacy, safety, risk, side, effect, adverse, reaction, overdose, abuse, addiction, withdrawal, mental, physical, emotional, stress, trauma, crisis, support, counseling, therapy, psychotherapy, medication, antibiotic, antiviral, analgesic, anesthetic, sedative, steroid, insulin, vaccine, supplement, vitamin, mineral, herb, homeopathy, acupuncture, chiropractic, yoga, meditation, relaxation, sleep, hygiene, sanitation, cleanliness, sterilization, disinfection, contamination, epidemic, pandemic, outbreak, quarantine, isolation, immunity, resistance, susceptibility, genetics, heredity, congenital, birth, pregnancy, prenatal, postnatal, infant, child, adolescent, adult, elderly, geriatric, lifespan, mortality, death, autopsy, pathology, radiology, cardiology, neurology, psychiatry, dermatology, gynecology, orthopedics, pediatrics, endocrinology, gastroenterology, urology, nephrology, oncology, ophthalmology, otolaryngology, pulmonology, rheumatology, hematology, immunology, genetics, pharmacology, toxicology, epidemiology, biostatistics, biochemistry, microbiology, virology, parasitology, anatomy, physiology, histology, cytology, embryology, bioinformatics, nanotechnology, biotechnology, regenerative, stem, cell, gene, therapy, cloning, genetic, engineering, personalized, precision, integrative, holistic, complementary, alternative, palliative, hospice, euthanasia, ethics, rights, responsibilities, advocacy, awareness, education, training, accreditation, certification, licensure, regulation, legislation, policy, guideline, standard, protocol, procedure, practice, quality, improvement, innovation, discovery, advancement, achievement, contribution, collaboration, cooperation, partnership, network, system, sector, industry, profession, workforce, staff, team, leadership, management, administration, planning, strategy, evaluation, assessment, review, audit, inspection, investigation, research, publication, conference, seminar, workshop, forum, symposium, lecture, presentation, discussion, debate, argument, controversy, criticism, praise, recognition, award, honor, distinction, reputation, prestige, influence, impact, effect, outcome, result, success, failure, challenge, obstacle, barrier, difficulty, problem, solution, opportunity, potential, possibility, hope, aspiration, ambition, goal, objective, mission, vision, values, principles, beliefs, culture, tradition, history, future.
Manufacturing;assembly, automation, batch, blueprint, bottleneck, capacity, casting, certification, cnc, coating, commodity, component, compression, computer, control, conveyor, cost, cycle, data, defect, delivery, demand, design, die, distribution, downtime, efficiency, electricity, electronics, energy, engineer, equipment, ergonomics, fabrication, factory, failure, feed, finish, fixture, flow, forging, form, function, gauge, goods, grinding, handling, hardware, hazard, heat, hydraulic, implementation, improvement, industrial, industry, injection, inspection, installation, inventory, investment, iso, job, jig, joint, kaizen, kanban, labor, lathe, layout, lean, line, logistics, machine, machining, maintenance, management, manufacture, material, measurement, mechanism, mill, mold, motion, operation, operator, optimization, order, output, overhead, packaging, pallet, part, performance, plant, plastic, precision, process, production, productivity, profit, program, project, prototype, punch, quality, quantity, queue, rate, raw, recycle, reduction, regulation, rejection, reliability, repair, report, research, resource, robot, safety, schedule, scrap, screw, sector, sequence, service, setup, sheet, shift, shipment, shop, simulation, skill, software, solder, specification, speed, standard, stock, storage, strategy, supply, surface, system, technique, technology, temperature, test, time, tool, traceability, tracking, trade, training, turnover, unit, validation, value, variation, vendor, volume, warehouse, waste, welding, work, worker, yield.
Logistics;acquisition, air, allocation, analysis, arrival, assembly, assessment, audit, automation, availability, barcode, batch, benchmark, bill, booking, bottleneck, bulk, capacity, carrier, carton, certification, chain, channel, classification, clearance, code, commodity, communication, compliance, consolidation, container, contingency, control, coordination, cost, courier, cross-docking, customs, cycle, data, delivery, demand, depot, destination, distribution, dock, documentation, driver, drop, duty, efficiency, electronic, embargo, emergency, emission, employee, equipment, error, estimate, evaluation, exchange, execution, export, facility, fleet, flow, forecast, forklift, freight, fulfillment, function, goods, handling, haul, import, inbound, inspection, insurance, integration, inventory, invoice, item, journey, label, labor, lead, load, location, logistics, management, manifest, manual, maritime, market, material, metrics, mode, network, optimization, order, outbound, package, packaging, pallet, paperwork, parcel, performance, pickup, planning, platform, port, position, process, procurement, product, production, program, project, protocol, provider, purchase, quality, quantity, rate, receipt, record, regulation, reliability, replenishment, report, request, requirement, reservation, resource, response, return, reverse, risk, route, safety, schedule, security, service, shipment, shipping, software, solution, source, space, speed, stack, standard, storage, strategy, supplier, supply, system, tariff, technology, temperature, terminal, time, tracking, trade, traffic, train, transaction, transit, transport, truck, unit, validation, value, vehicle, vendor, verification, vessel, visibility, volume, warehouse, weight, workflow, zone.
Education;academy, achievement, admission, adult, advanced, advisory, algebra, analysis, application, art, assignment, attendance, bachelor, behavior, biology, board, book, brainstorm, budget, calculus, campus, career, certificate, challenge, chemistry, child, class, classroom, coach, college, communication, community, comprehension, computer, concept, conference, consultation, content, context, continuous, course, creativity, credit, criteria, critical, curriculum, data, debate, decision, degree, department, design, development, diploma, discipline, discussion, diversity, doctorate, document, e-learning, education, effectiveness, elementary, employability, employment, engagement, enrollment, environment, essay, evaluation, examination, excellence, experience, experiment, faculty, feedback, field, finance, focus, foundation, framework, funding, future, grade, graduate, grant, group, guidance, guideline, history, homework, idea, implementation, improvement, inclusion, independent, individual, industry, information, innovation, instruction, intelligence, interaction, interdisciplinary, interest, internship, knowledge, language, leadership, learning, lecture, lesson, library, literacy, literature, management, master, mathematics, measurement, mentor, methodology, motivation, objective, observation, online, opportunity, organization, orientation, outcome, paper, parent, participation, partnership, performance, philosophy, physics, planning, policy, practice, preparation, presentation, primary, principle, problem, process, professional, program, project, psychology, quality, question, reading, recognition, recommendation, record, reflection, reform, registration, regulation, relationship, report, research, resource, responsibility, result, review, revision, scholarship, school, science, secondary, seminar, skill, social, solution, special, standard, strategy, student, study, subject, success, syllabus, system, teacher, teaching, team, technology, test, textbook, theory, thesis, thinking, training, transfer, understanding, university, validation, value, variety, vocational, workshop, writing, year, youth, zone.
